ID,Código de Barras,Descripción,Etiquetas,ESTADO,MARCA,Categoría,Proveedor,Fecha de Ingreso,Fecha de Vencimiento,Cantidad,Stock Actual,Ubicación,Domicilio,Latitud,Longitud,Mapa
AR000322,8435439883658,KIT PROG. DE LAS COSAS,,"USADO, COMPLETO",SetVeintiUno,KIT DE ROBOTICA,BQ Educación,,,,,,,,,Ver Mapa
AR000300,8435439883658,KIT PROG. DE LAS COSAS,,"USADO, COMPLETO",SetVeintiUno,KIT DE ROBOTICA,BQ Educación,,,,,,,,,
AR000311,9435339883658,KIT PROG. DE LAS COSAS,,"USADO, DAÑADO, FALTA PIEZAS",SetVeintiUno,KIT DE ROBOTICA,BQ Educación,,,,,,,,,
AR000299,8435439883658,KIT PROG. DE LAS COSAS,,"USADO, COMPLETO",SetVeintiUno,KIT DE ROBOTICA,BQ Educación,,,,,,,,,
AR000297,8435439883658,KIT PROG. DE LAS COSAS,,"USADO, COMPLETO",SetVeintiUno,KIT DE ROBOTICA,BQ Educación,,,,,,,,,
AR000359,8435439883658,KIT PROG. DE LAS COSAS,,"USADO, COMPLETO",SetVeintiUno,KIT DE ROBOTICA,BQ Educación,,,,,,,,,
AR000352,8435439883658,KIT PROG. DE LAS COSAS,,"USADO, COMPLETO",SetVeintiUno,KIT DE ROBOTICA,BQ Educación,,,,,,,,,
AR000306,8435439883658,KIT PROG. DE LAS COSAS,,"USADO, COMPLETO",SetVeintiUno,KIT DE ROBOTICA,BQ Educación,,,,,,,,,
AR000339,8435439883658,KIT PROG. DE LAS COSAS,,"USADO, FALTA CABLE USB",SetVeintiUno,KIT DE ROBOTICA,BQ Educación,,,,,,,,,
AR000362,8435439883658,KIT PROG. DE LAS COSAS,,NUEVO,SetVeintiUno,KIT DE ROBOTICA,BQ Educación,,,,,,,,,
AR000304,8435439883658,KIT PROG. DE LAS COSAS,,NUEVO,SetVeintiUno,KIT DE ROBOTICA,BQ Educación,,,,,,,,,
AR000320,8435439883658,KIT PROG. DE LAS COSAS,,NUEVO,SetVeintiUno,KIT DE ROBOTICA,BQ Educación,,,,,,,,,
AR000332,8435439883658,KIT PROG. DE LAS COSAS,,NUEVO,SetVeintiUno,KIT DE ROBOTICA,BQ Educación,,,,,,,,,
AR000354,8435439883658,KIT PROG. DE LAS COSAS,,NUEVO,SetVeintiUno,KIT DE ROBOTICA,BQ Educación,,,,,,,,,
AR000378,8435439883658,KIT PROG. DE LAS COSAS,,NUEVO,SetVeintiUno,KIT DE ROBOTICA,BQ Educación,,,,,,,,,
AR000356,8435439883658,KIT PROG. DE LAS COSAS,,NUEVO,SetVeintiUno,KIT DE ROBOTICA,BQ Educación,,,,,,,,,
AR000368,8435439883658,KIT PROG. DE LAS COSAS,,NUEVO,SetVeintiUno,KIT DE ROBOTICA,BQ Educación,,,,,,,,,
AR000296,8435439883658,KIT PROG. DE LAS COSAS,,NUEVO,SetVeintiUno,KIT DE ROBOTICA,BQ Educación,,,,,,,,,
AR000341,8435439883658,KIT PROG. DE LAS COSAS,,NUEVO,SetVeintiUno,KIT DE ROBOTICA,BQ Educación,,,,,,,,,
AR000382,8435439883658,KIT PROG. DE LAS COSAS,,NUEVO,SetVeintiUno,KIT DE ROBOTICA,BQ Educación,,,,,,,,,
AR000353,8435439883658,KIT PROG. DE LAS COSAS,,NUEVO,SetVeintiUno,KIT DE ROBOTICA,BQ Educación,,,,,,,,,
AR000333,8435439883658,KIT PROG. DE LAS COSAS,,"USADO, COMPLETO",SetVeintiUno,KIT DE ROBOTICA,BQ Educación,,,,,,,,,
AR000350,8435439883658,KIT PROG. DE LAS COSAS,,NUEVO,SetVeintiUno,KIT DE ROBOTICA,BQ Educación,,,,,,,,,
AR000376,8435439883658,KIT PROG. DE LAS COSAS,,NUEVO,SetVeintiUno,KIT DE ROBOTICA,BQ Educación,,,,,,,,,
AR000371,8435439883658,KIT PROG. DE LAS COSAS,,NUEVO,SetVeintiUno,KIT DE ROBOTICA,BQ Educación,,,,,,,,,
AR000338,8435439883658,KIT PROG. DE LAS COSAS,,NUEVO,SetVeintiUno,KIT DE ROBOTICA,BQ Educación,,,,,,,,,
AR000337,8435439883658,KIT PROG. DE LAS COSAS,,NUEVO,SetVeintiUno,KIT DE ROBOTICA,BQ Educación,,,,,,,,,
AR000337,8435439883658,KIT PROG. DE LAS COSAS,,NUEVO,SetVeintiUno,KIT DE ROBOTICA,BQ Educación,,,,,,,,,
AR000379,8435439883658,KIT PROG. DE LAS COSAS,,NUEVO,SetVeintiUno,KIT DE ROBOTICA,BQ Educación,,,,,,,,,
N6MAX001V,SM840000000001,DuinoBot v2.3,,"USADO, COMPLETO",RobotGroup,KIT DE ROBOTICA,ROBOT-GROUP,,,,,,,,,
N6MAX002V,SM840000000002,DuinoBot v2.3,,"USADO, FALTA CABLE USB, DAÑADO",RobotGroup,KIT DE ROBOTICA,ROBOT-GROUP,,,,,,,,,
N6MAX003V,SM840000000003,DuinoBot v2.3,,"USADO, COMPLETO",RobotGroup,KIT DE ROBOTICA,ROBOT-GROUP,,,,,,,,,
N6MAX004V,SM840000000004,DuinoBot v2.3,,"USADO, FALTA CABLE USB, EN REVISION",RobotGroup,KIT DE ROBOTICA,ROBOT-GROUP,,,,,,,,,
N6MAX005V,SM840000000005,DuinoBot v2.3,,"USADO, COMPLETO, EN REVISION",RobotGroup,KIT DE ROBOTICA,ROBOT-GROUP,,,,,,,,,
N6MAX006V,SM840000000006,DuinoBot v2.3,,"USADO, COMPLETO, EN REVISION",RobotGroup,KIT DE ROBOTICA,ROBOT-GROUP,,,,,,,,,
N6MAX007V,SM840000000007,DuinoBot v2.3,,"USADO, COMPLETO, EN REVISION",RobotGroup,KIT DE ROBOTICA,ROBOT-GROUP,,,,,,,,,
N6MAX008V,SM840000000008,DuinoBot v2.3,,"USADO, COMPLETO, EN REVISION",RobotGroup,KIT DE ROBOTICA,ROBOT-GROUP,,,,,,,,,
N6MAX009V,SM840000000009,DuinoBot v2.3,,"USADO, COMPLETO, EN REVISION",RobotGroup,KIT DE ROBOTICA,ROBOT-GROUP,,,,,,,,,
N6MAX010V,SM840000000010,DuinoBot v2.3,,"USADO, FALTA CABLE USB",RobotGroup,KIT DE ROBOTICA,ROBOT-GROUP,,,,,,,,,
N6MAX011V,SM840000000011,DuinoBot v2.3,,"USADO, COMPLETO, S/FALLAS",RobotGroup,KIT DE ROBOTICA,ROBOT-GROUP,,,,,,,,,
N6MAX012V,SM840000000012,DuinoBot v2.3,,"USADO, COMPLETO, EN REVISION",RobotGroup,KIT DE ROBOTICA,ROBOT-GROUP,,,,,,,,,
N6MAX001,SM840000000012,DuinoBot v2.4,,"USADO, COMPLETO",RobotGroup,KIT DE ROBOTICA,ROBOT-GROUP,,,,,,,,,
N6MAX002,SM840000000013,DuinoBot v2.4,,"USADO, COMPLETO",RobotGroup,KIT DE ROBOTICA,ROBOT-GROUP,,,,,,,,,
N6MAX003,SM840000000014,DuinoBot v2.4,,"USADO, COMPLETO",RobotGroup,KIT DE ROBOTICA,ROBOT-GROUP,,,,,,,,,
N6MAX004,SM840000000015,DuinoBot v2.4,,"USADO, COMPLETO",RobotGroup,KIT DE ROBOTICA,ROBOT-GROUP,,,,,,,,,
N6MAX005,SM840000000016,DuinoBot v2.4,,"USADO, COMPLETO",RobotGroup,KIT DE ROBOTICA,ROBOT-GROUP,,,,,,,,,
N6MAX006,SM840000000017,DuinoBot v2.4,,FALTA CPU,RobotGroup,KIT DE ROBOTICA,ROBOT-GROUP,,,,,,,,,
MB000001,SM840000000049,Kit MetaBot V1.0 - 2016,,USADO,RobotGroup,KIT DE ROBOTICA,ROBOT-GROUP,,,,,,,,,
MB000002,SM840000000050,Kit MetaBot V1.0 - 2016,,USADO,RobotGroup,KIT DE ROBOTICA,ROBOT-GROUP,,,,,,,,,
MB000003,SM840000000051,Kit MetaBot V1.0 - 2016,,USADO,RobotGroup,KIT DE ROBOTICA,ROBOT-GROUP,,,,,,,,,
MB000004,SM840000000052,Kit MetaBot V1.0 - 2016,,USADO,RobotGroup,KIT DE ROBOTICA,ROBOT-GROUP,,,,,,,,,
MB000005,SM840000000053,Kit MetaBot V1.0 - 2016,,USADO,RobotGroup,KIT DE ROBOTICA,ROBOT-GROUP,,,,,,,,,
MB000006,SM840000000054,Kit MetaBot V1.0 - 2016,,USADO,RobotGroup,KIT DE ROBOTICA,ROBOT-GROUP,,,,,,,,,
MB000007,SM840000000055,Kit MetaBot V1.0 - 2016,,USADO,RobotGroup,KIT DE ROBOTICA,ROBOT-GROUP,,,,,,,,,
MB000008,SM840000000056,Kit MetaBot V1.0 - 2016,,USADO,RobotGroup,KIT DE ROBOTICA,ROBOT-GROUP,,,,,,,,,
P0000,SM840000000057,EnergyPlus,,"USADO, S/FALLAS",PROBATTERY,COMPONENTES,DESCONOCIDO,,,,,,,,,
P0001,SM840000000058,EnergyPlus,,"USADO, S/FALLAS",PROBATTERY,COMPONENTES,DESCONOCIDO,,,,,,,,,
P0002,SM840000000059,EnergyPlus,,"USADO, S/FALLAS",PROBATTERY,COMPONENTES,DESCONOCIDO,,,,,,,,,
P0003,SM840000000060,EnergyPlus,,"USADO, S/FALLAS",PROBATTERY,COMPONENTES,DESCONOCIDO,,,,,,,,,
P0004,SM840000000061,EnergyPlus,,"USADO, S/FALLAS",PROBATTERY,COMPONENTES,DESCONOCIDO,,,,,,,,,
P0005,SM840000000062,EnergyPlus,,"USADO, S/FALLAS",PROBATTERY,COMPONENTES,DESCONOCIDO,,,,,,,,,
P0006,SM840000000063,EnergyPlus,,"USADO, S/FALLAS",PROBATTERY,COMPONENTES,DESCONOCIDO,,,,,,,,,
P0007,SM840000000064,EnergyPlus,,"USADO, S/FALLAS",PROBATTERY,COMPONENTES,DESCONOCIDO,,,,,,,,,
P0008,SM840000000065,EnergyPlus,,"USADO, S/FALLAS",PROBATTERY,COMPONENTES,DESCONOCIDO,,,,,,,,,
P0009,SM840000000066,EnergyPlus,,"USADO, S/FALLAS",PROBATTERY,COMPONENTES,DESCONOCIDO,,,,,,,,,
P0010,SM840000000067,EnergyPlus,,"USADO, S/FALLAS",PROBATTERY,COMPONENTES,DESCONOCIDO,,,,,,,,,
P0011,SM840000000068,EnergyPlus,,"USADO, S/FALLAS",PROBATTERY,COMPONENTES,DESCONOCIDO,,,,,,,,,
P0012,SM840000000069,PILAS AA 1.2v-2200mAh,,"USADO, S/FALLAS",SAFETY ENERGY,COMPONENTES,DESCONOCIDO,,,,,,,,,
P0013,SM840000000070,PILAS AA 1.2v-2200mAh,,"USADO, S/FALLAS",SAFETY ENERGY,COMPONENTES,DESCONOCIDO,,,,,,,,,
P0014,SM840000000071,PILAS AA 1.2v-2200mAh,,"USADO, S/FALLAS",SAFETY ENERGY,COMPONENTES,DESCONOCIDO,,,,,,,,,
P0015,SM840000000072,PILAS AA 1.2v-2200mAh,,"USADO, S/FALLAS",SAFETY ENERGY,COMPONENTES,DESCONOCIDO,,,,,,,,,
P0016,SM840000000073,PILAS AA 1.2v-2200mAh,,"USADO, S/FALLAS",SAFETY ENERGY,COMPONENTES,DESCONOCIDO,,,,,,,,,
P0017,SM840000000074,PILAS AA 1.2v-2200mAh,,"USADO, S/FALLAS",SAFETY ENERGY,COMPONENTES,DESCONOCIDO,,,,,,,,,
P0018,SM840000000075,PILAS AA 1.2v-2200mAh,,"USADO, S/FALLAS",SAFETY ENERGY,COMPONENTES,DESCONOCIDO,,,,,,,,,
P0019,SM840000000076,PILAS AA 1.2v-2200mAh,,"USADO, S/FALLAS",SAFETY ENERGY,COMPONENTES,DESCONOCIDO,,,,,,,,,
P0020,SM840000000077,PILAS AA 1.2v-2200mAh,,"USADO, S/FALLAS",SAFETY ENERGY,COMPONENTES,DESCONOCIDO,,,,,,,,,
P0021,SM840000000078,PILAS AA 1.2v-2200mAh,,"USADO, S/FALLAS",SAFETY ENERGY,COMPONENTES,DESCONOCIDO,,,,,,,,,
P0022,SM840000000079,PILAS AA 1.2v-2200mAh,,"USADO, S/FALLAS",SAFETY ENERGY,COMPONENTES,DESCONOCIDO,,,,,,,,,
P0023,SM840000000080,PILAS AA 1.2v-2200mAh,,"USADO, S/FALLAS",SAFETY ENERGY,COMPONENTES,DESCONOCIDO,,,,,,,,,
P0024,SM840000000081,PILAS AA 1.2v-2200mAh,,"USADO, S/FALLAS",SAFETY ENERGY,COMPONENTES,DESCONOCIDO,,,,,,,,,
P0025,SM840000000082,PILAS AA 1.2v-2200mAh,,"USADO, S/FALLAS",SAFETY ENERGY,COMPONENTES,DESCONOCIDO,,,,,,,,,
P0026,SM840000000083,PILAS AA 1.2v-2200mAh,,"USADO, S/FALLAS",SAFETY ENERGY,COMPONENTES,DESCONOCIDO,,,,,,,,,
P0027,SM840000000084,PILAS AA 1.2v-2200mAh,,"USADO, S/FALLAS",SAFETY ENERGY,COMPONENTES,DESCONOCIDO,,,,,,,,,
P0028,SM840000000085,PILAS AA 1.2v-2200mAh,,"USADO, S/FALLAS",SAFETY ENERGY,COMPONENTES,DESCONOCIDO,,,,,,,,,
P0029,SM840000000086,PILAS AA 1.2v-2200mAh,,"USADO, S/FALLAS",SAFETY ENERGY,COMPONENTES,DESCONOCIDO,,,,,,,,,
P0030,SM840000000087,PILAS AA 1.2v-2200mAh,,"USADO, S/FALLAS",SAFETY ENERGY,COMPONENTES,DESCONOCIDO,,,,,,,,,
P0031,SM840000000088,PILAS AA 1.2v-2200mAh,,"USADO, S/FALLAS",SAFETY ENERGY,COMPONENTES,DESCONOCIDO,,,,,,,,,
P0032,SM840000000089,CycleEnergy AA 1.2v-2100mAh,,"USADO, S/FALLAS",SONY,COMPONENTES,DESCONOCIDO,,,,,,,,,
P0033,SM840000000090,CycleEnergy AA 1.2v-2100mAh,,"USADO, S/FALLAS",SONY,COMPONENTES,DESCONOCIDO,,,,,,,,,
P0034,SM840000000091,CycleEnergy AA 1.2v-2100mAh,,"USADO, S/FALLAS",SONY,COMPONENTES,DESCONOCIDO,,,,,,,,,
P0035,SM840000000092,CycleEnergy AA 1.2v-2100mAh,,"USADO, S/FALLAS",SONY,COMPONENTES,DESCONOCIDO,,,,,,,,,
P0036,SM840000000093,CycleEnergy AA 1.2v-2100mAh,,"USADO, S/FALLAS",SONY,COMPONENTES,DESCONOCIDO,,,,,,,,,
P0037,SM840000000094,CycleEnergy AA 1.2v-2100mAh,,"USADO, S/FALLAS",SONY,COMPONENTES,DESCONOCIDO,,,,,,,,,
P0038,SM840000000095,CycleEnergy AA 1.2v-2100mAh,,"USADO, S/FALLAS",SONY,COMPONENTES,DESCONOCIDO,,,,,,,,,
L0001,9789877320145,TECNOBOT - Robótica p/la Acción,,USADO,RobotGroup,LIBROS,ROBOT-GROUP,,,,1,,,,,
L0002,9789877320121,TECNOBOT - Robótica p/la Acción,,USADO,RobotGroup,LIBROS,ROBOT-GROUP,,,,1,,,,,
L0003,9789877320152,TECNOBOT - Robótica p/la Acción,,USADO,RobotGroup,LIBROS,ROBOT-GROUP,,,,32,,,,,
L0007,9789877320190,TECNOBOT - Robótica p/la Acción,,USADO,RobotGroup,LIBROS,ROBOT-GROUP,,,,9,,,,,
L0008,9789877320206,TECNOBOT - Robótica p/la Acción,,USADO,RobotGroup,LIBROS,ROBOT-GROUP,,,,21,,,,,
L0009,9789877320213,TECNOBOT - Robótica p/la Acción,,USADO,RobotGroup,LIBROS,ROBOT-GROUP,,,,9,,,,,
H0001,,Destornillador Philips XSP0-60,,USADO,EL ABUELO,HERRAMIENTAS,DESCONOCIDO,,,,18,,,,,
H0002,,"LLAVE DE 3.5""",,USADO,EL ABUELO,HERRAMIENTAS,DESCONOCIDO,,,,16,,,,,
CHG001,SM840000000104,Cargadores de Pilas y Batería  2x3.2Vcc 400mA (AA/AAA) / 2x9.6Vcc,,"USADO, S/FALLAS",PROBATTERY,COMPONENTES,ROBOT-GROUP,,,,,,,,,
CHG002,SM840000000105,Cargadores de Pilas y Batería  2x3.2Vcc 400mA (AA/AAA) / 2x9.6Vcc,,"USADO, S/FALLAS",PROBATTERY,COMPONENTES,ROBOT-GROUP,,,,,,,,,
CHG003,SM840000000106,Cargadores de Pilas y Batería  2x3.2Vcc 400mA (AA/AAA) / 2x9.6Vcc,,"USADO, S/FALLAS",PROBATTERY,COMPONENTES,ROBOT-GROUP,,,,,,,,,